4601,2019-03-11,3,0,1,3,2,0,1,0,0,0
4602,2019-03-11,5,0,1,3,2,0,1,0,0,0
4603,2019-03-11,10,0,1,3,2,0,1,0,0,0
4604,2019-03-11,20,0,1,3,2,0,1,0,0,0
4605,2019-03-11,50,0,1,3,2,0,1,0,0,0
4606,2019-03-11,115,0,1,3,2,0,1,0,0,0
4607,2019-03-11,3,0,2,3,2,0,1,0,0,0
4608,2019-03-11,5,0,2,3,2,0,1,0,0,0
4609,2019-03-11,10,0,2,3,2,0,1,0,0,0
4610,2019-03-11,20,0,2,3,2,0,1,0,0,0
4611,2019-03-11,50,0,2,3,2,0,1,0,0,0
4612,2019-03-11,115,0,2,3,2,0,1,0,0,0
4613,2019-03-11,3,0,3,3,2,0,1,0,0,0
4614,2019-03-11,5,0,3,3,2,0,1,0,0,0
4615,2019-03-11,10,0,3,3,2,0,1,0,0,0
4616,2019-03-11,20,0,3,3,2,0,1,0,0,0
4617,2019-03-11,50,0,3,3,2,0,1,0,0,0
4618,2019-03-11,115,0,3,3,2,0,1,0,0,0
4619,2019-03-11,3,0,4,3,2,0,1,0,0,0
4620,2019-03-11,5,0,4,3,2,0,1,0,0,0
4621,2019-03-11,10,0,4,3,2,0,1,0,0,0
4622,2019-03-11,20,0,4,3,2,0,1,0,0,0
4623,2019-03-11,50,0,4,3,2,0,1,0,0,0
4624,2019-03-11,115,0,4,3,2,0,1,0,0,0
4625,2019-03-11,3,0,5,3,2,0,1,0,0,0
4626,2019-03-11,5,0,5,3,2,0,1,0,0,0
4627,2019-03-11,10,0,5,3,2,0,1,0,0,0
4628,2019-03-11,20,0,5,3,2,0,1,0,0,0
4629,2019-03-11,50,0,5,3,2,0,1,0,0,0
4630,2019-03-11,115,0,5,3,2,0,1,0,0,0
4631,2019-03-11,3,0,6,3,2,0,1,0,0,0
4632,2019-03-11,5,0,6,3,2,0,1,0,0,0
4633,2019-03-11,10,0,6,3,2,0,1,0,0,0
4634,2019-03-11,20,0,6,3,2,0,1,0,0,0
4635,2019-03-11,50,0,6,3,2,0,1,0,0,0
4636,2019-03-11,115,0,6,3,2,0,1,0,0,0
4640,2019-03-18,3,0,1,1,2,1,1,0,1,0
4641,2019-03-18,5,0,1,1,2,1,1,0,1,0
4642,2019-03-18,10,0,1,1,2,1,1,0,1,0
4643,2019-03-18,20,0,1,1,2,1,1,0,1,0
4644,2019-03-18,50,0,1,1,2,1,1,0,1,0
4645,2019-03-18,115,0,1,1,2,1,1,0,1,0
4646,2019-03-18,3,0,2,1,2,1,1,0,1,0
4647,2019-03-18,5,0,2,1,2,1,1,0,1,0
4648,2019-03-18,10,0,2,1,2,1,1,0,1,0
4649,2019-03-18,20,0,2,1,2,1,1,0,1,0
4650,2019-03-18,50,0,2,1,2,1,1,0,1,0
4651,2019-03-18,115,0,2,1,2,1,1,0,1,0
4652,2019-03-18,3,0,3,1,2,1,1,0,1,0
4653,2019-03-18,5,0,3,1,2,1,1,0,1,0
4654,2019-03-18,10,0,3,1,2,1,1,0,1,0
4655,2019-03-18,20,0,3,1,2,1,1,0,1,0
4656,2019-03-18,50,0,3,1,2,1,1,0,1,0
4657,2019-03-18,115,0,3,1,2,1,1,0,1,0
4658,2019-03-18,3,0,4,1,2,1,1,0,1,0
4659,2019-03-18,5,0,4,1,2,1,1,0,1,0
4660,2019-03-18,10,0,4,1,2,1,1,0,1,0
4661,2019-03-18,20,0,4,1,2,1,1,0,1,0
4662,2019-03-18,50,0,4,1,2,1,1,0,1,0
4663,2019-03-18,115,0,4,1,2,1,1,0,1,0
4664,2019-03-18,3,0,5,1,2,1,1,0,1,0
4665,2019-03-18,5,0,5,1,2,1,1,0,1,0
4666,2019-03-18,10,0,5,1,2,1,1,0,1,0
4667,2019-03-18,20,0,5,1,2,1,1,0,1,0
4668,2019-03-18,50,0,5,1,2,1,1,0,1,0
4669,2019-03-18,115,0,5,1,2,1,1,0,1,0
4670,2019-03-18,3,0,6,1,2,1,1,0,1,0
4671,2019-03-18,5,0,6,1,2,1,1,0,1,0
4672,2019-03-18,10,0,6,1,2,1,1,0,1,0
4673,2019-03-18,20,0,6,1,2,1,1,0,1,0
4674,2019-03-18,50,0,6,1,2,1,1,0,1,0
4675,2019-03-18,115,0,6,1,2,1,1,0,1,0
4676,2019-03-25,3,275,1,1,3,1,1,0,0,0
4677,2019-03-25,5,275,1,1,3,1,1,0,0,0
4678,2019-03-25,10,275,1,1,3,1,1,0,0,0
4679,2019-03-25,20,275,1,1,3,1,1,0,0,0
4680,2019-03-25,50,275,1,1,3,1,1,0,0,0
4681,2019-03-25,115,275,1,1,3,1,1,0,0,0
4682,2019-03-25,3,275,2,1,3,1,1,0,0,0
4683,2019-03-25,5,275,2,1,3,1,1,0,0,0
4684,2019-03-25,10,275,2,1,3,1,1,0,0,0
4685,2019-03-25,20,275,2,1,3,1,1,0,0,0
4686,2019-03-25,50,275,2,1,3,1,1,0,0,0
4687,2019-03-25,115,275,2,1,3,1,1,0,0,0
4688,2019-03-25,3,275,3,1,3,1,1,0,0,0
4689,2019-03-25,5,275,3,1,3,1,1,0,0,0
4690,2019-03-25,10,275,3,1,3,1,1,0,0,0
4691,2019-03-25,20,275,3,1,3,1,1,0,0,0
4692,2019-03-25,50,275,3,1,3,1,1,0,0,0
4693,2019-03-25,115,275,3,1,3,1,1,0,0,0
4694,2019-03-25,3,275,4,1,3,1,1,0,0,0
4695,2019-03-25,5,275,4,1,3,1,1,0,0,0
4696,2019-03-25,10,275,4,1,3,1,1,0,0,0
4697,2019-03-25,20,275,4,1,3,1,1,0,0,0
4698,2019-03-25,50,275,4,1,3,1,1,0,0,0
4699,2019-03-25,115,275,4,1,3,1,1,0,0,0
4700,2019-03-25,3,275,5,1,3,1,1,0,0,0
4701,2019-03-25,5,275,5,1,3,1,1,0,0,0
4702,2019-03-25,10,275,5,1,3,1,1,0,0,0
4703,2019-03-25,20,275,5,1,3,1,1,0,0,0
4704,2019-03-25,50,275,5,1,3,1,1,0,0,0
4705,2019-03-25,115,275,5,1,3,1,1,0,0,0
4706,2019-03-25,3,275,6,1,3,1,1,0,0,0
4707,2019-03-25,5,275,6,1,3,1,1,0,0,0
4708,2019-03-25,10,275,6,1,3,1,1,0,0,0
4709,2019-03-25,20,275,6,1,3,1,1,0,0,0
4710,2019-03-25,50,275,6,1,3,1,1,0,0,0
4711,2019-03-25,115,275,6,1,3,1,1,0,0,0
4712,2019-04-01,3,0,1,3,2,0,1,0,0,0
4713,2019-04-01,5,0,1,3,2,0,1,0,0,0
4714,2019-04-01,10,0,1,3,2,0,1,0,0,0
4715,2019-04-01,20,0,1,3,2,0,1,0,0,0
4716,2019-04-01,50,0,1,3,2,0,1,0,0,0
4717,2019-04-01,115,0,1,3,2,0,1,0,0,0
4718,2019-04-01,3,0,2,3,2,0,1,0,0,0
4719,2019-04-01,5,0,2,3,2,0,1,0,0,0
4720,2019-04-01,10,0,2,3,2,0,1,0,0,0
4721,2019-04-01,20,0,2,3,2,0,1,0,0,0
4722,2019-04-01,50,0,2,3,2,0,1,0,0,0
4723,2019-04-01,115,0,2,3,2,0,1,0,0,0
4724,2019-04-01,3,0,3,3,2,0,1,0,0,0
4725,2019-04-01,5,0,3,3,2,0,1,0,0,0
4726,2019-04-01,10,0,3,3,2,0,1,0,0,0
4727,2019-04-01,20,0,3,3,2,0,1,0,0,0
4728,2019-04-01,50,0,3,3,2,0,1,0,0,0
4729,2019-04-01,115,0,3,3,2,0,1,0,0,0
4730,2019-04-01,3,0,4,3,2,0,1,0,0,0
4731,2019-04-01,5,0,4,3,2,0,1,0,0,0
4732,2019-04-01,10,0,4,3,2,0,1,0,0,0
4733,2019-04-01,20,0,4,3,2,0,1,0,0,0
4734,2019-04-01,50,0,4,3,2,0,1,0,0,0
4735,2019-04-01,115,0,4,3,2,0,1,0,0,0
4736,2019-04-01,3,0,5,3,2,0,1,0,0,0
4737,2019-04-01,5,0,5,3,2,0,1,0,0,0
4738,2019-04-01,10,0,5,3,2,0,1,0,0,0
4739,2019-04-01,20,0,5,3,2,0,1,0,0,0
4740,2019-04-01,50,0,5,3,2,0,1,0,0,0
4741,2019-04-01,115,0,5,3,2,0,1,0,0,0
4742,2019-04-01,3,0,6,3,2,0,1,0,0,0
4743,2019-04-01,5,0,6,3,2,0,1,0,0,0
4744,2019-04-01,10,0,6,3,2,0,1,0,0,0
4745,2019-04-01,20,0,6,3,2,0,1,0,0,0
4746,2019-04-01,50,0,6,3,2,0,1,0,0,0
4747,2019-04-01,115,0,6,3,2,0,1,0,0,0
4748,2019-04-08,3,0,1,2,2,1,1,0,0,0
4749,2019-04-08,5,0,1,2,2,1,1,0,0,0
4750,2019-04-08,10,0,1,2,2,1,1,0,0,0
4751,2019-04-08,20,0,1,2,2,1,1,0,0,0
4752,2019-04-08,50,0,1,2,2,1,1,0,0,0
4753,2019-04-08,115,0,1,2,2,1,1,0,0,0
4754,2019-04-08,3,0,2,2,2,1,1,0,0,0
4755,2019-04-08,5,0,2,2,2,1,1,0,0,0
4756,2019-04-08,10,0,2,2,2,1,1,0,0,0
4757,2019-04-08,20,0,2,2,2,1,1,0,0,0
4758,2019-04-08,50,0,2,2,2,1,1,0,0,0
4759,2019-04-08,115,0,2,2,2,1,1,0,0,0
4760,2019-04-08,3,0,3,2,2,1,1,0,0,0
4761,2019-04-08,5,0,3,2,2,1,1,0,0,0
4762,2019-04-08,10,0,3,2,2,1,1,0,0,0
4763,2019-04-08,20,0,3,2,2,1,1,0,0,0
4764,2019-04-08,50,0,3,2,2,1,1,0,0,0
4765,2019-04-08,115,0,3,2,2,1,1,0,0,0
4766,2019-04-08,3,0,4,2,2,1,1,0,0,0
4767,2019-04-08,5,0,4,2,2,1,1,0,0,0
4768,2019-04-08,10,0,4,2,2,1,1,0,0,0
4769,2019-04-08,20,0,4,2,2,1,1,0,0,0
4770,2019-04-08,50,0,4,2,2,1,1,0,0,0
4771,2019-04-08,115,0,4,2,2,1,1,0,0,0
4772,2019-04-08,3,0,5,2,2,1,1,0,0,0
4773,2019-04-08,5,0,5,2,2,1,1,0,0,0
4774,2019-04-08,10,0,5,2,2,1,1,0,0,0
4775,2019-04-08,20,0,5,2,2,1,1,0,0,0
4776,2019-04-08,50,0,5,2,2,1,1,0,0,0
4777,2019-04-08,115,0,5,2,2,1,1,0,0,0
4778,2019-04-08,3,0,6,2,2,1,1,0,0,0
4779,2019-04-08,5,0,6,2,2,1,1,0,0,0
4780,2019-04-08,10,0,6,2,2,1,1,0,0,0
4781,2019-04-08,20,0,6,2,2,1,1,0,0,0
4782,2019-04-08,50,0,6,2,2,1,1,0,0,0
4783,2019-04-08,115,0,6,2,2,1,1,0,0,0
4784,2019-04-08,10,0,1,0,0,0,0,0,0,0
4821,2019-04-15,3,0,1,3,2,0,1,0,0,0
4822,2019-04-15,5,0,1,3,2,0,1,0,0,0
4823,2019-04-15,10,0,1,3,2,0,1,0,0,0
4824,2019-04-15,20,0,1,3,2,0,1,0,0,0
4825,2019-04-15,50,0,1,3,2,0,1,0,0,0
4826,2019-04-15,115,0,1,3,2,0,1,0,0,0
4827,2019-04-15,3,0,2,3,2,0,1,0,0,0
4828,2019-04-15,5,0,2,3,2,0,1,0,0,0
4829,2019-04-15,10,0,2,3,2,0,1,0,0,0
4830,2019-04-15,20,0,2,3,2,0,1,0,0,0
4831,2019-04-15,50,0,2,3,2,0,1,0,0,0
4832,2019-04-15,115,0,2,3,2,0,1,0,0,0
4833,2019-04-15,3,0,3,3,2,0,1,0,0,0
4834,2019-04-15,5,0,3,3,2,0,1,0,0,0
4835,2019-04-15,10,0,3,3,2,0,1,0,0,0
4836,2019-04-15,20,0,3,3,2,0,1,0,0,0
4837,2019-04-15,50,0,3,3,2,0,1,0,0,0
4838,2019-04-15,115,0,3,3,2,0,1,0,0,0
4839,2019-04-15,3,0,4,3,2,0,1,0,0,0
4840,2019-04-15,5,0,4,3,2,0,1,0,0,0
4841,2019-04-15,10,0,4,3,2,0,1,0,0,0
4842,2019-04-15,20,0,4,3,2,0,1,0,0,0
4843,2019-04-15,50,0,4,3,2,0,1,0,0,0
4844,2019-04-15,115,0,4,3,2,0,1,0,0,0
4845,2019-04-15,3,0,5,3,2,0,1,0,0,0
4846,2019-04-15,5,0,5,3,2,0,1,0,0,0
4847,2019-04-15,10,0,5,3,2,0,1,0,0,0
4848,2019-04-15,20,0,5,3,2,0,1,0,0,0
4849,2019-04-15,50,0,5,3,2,0,1,0,0,0
4850,2019-04-15,115,0,5,3,2,0,1,0,0,0
4851,2019-04-15,3,0,6,3,2,0,1,0,0,0
4852,2019-04-15,5,0,6,3,2,0,1,0,0,0
4853,2019-04-15,10,0,6,3,2,0,1,0,0,0
4854,2019-04-15,20,0,6,3,2,0,1,0,0,0
4855,2019-04-15,50,0,6,3,2,0,1,0,0,0
4856,2019-04-15,115,0,6,3,2,0,1,0,0,0
4859,2019-04-22,3,287,1,1,3,1,1,0,0,0
4860,2019-04-22,5,287,1,1,3,1,1,0,0,0
4861,2019-04-22,10,287,1,1,3,1,1,0,0,0
4862,2019-04-22,20,287,1,1,3,1,1,0,0,0
4863,2019-04-22,50,287,1,1,3,1,1,0,0,0
4864,2019-04-22,115,287,1,1,3,1,1,0,0,0
4865,2019-04-22,3,287,2,1,3,1,1,0,0,0
4866,2019-04-22,5,287,2,1,3,1,1,0,0,0
4867,2019-04-22,10,287,2,1,3,1,1,0,0,0
4868,2019-04-22,20,287,2,1,3,1,1,0,0,0
4869,2019-04-22,50,287,2,1,3,1,1,0,0,0
4870,2019-04-22,115,287,2,1,3,1,1,0,0,0
4871,2019-04-22,3,287,3,1,3,1,1,0,0,0
4872,2019-04-22,5,287,3,1,3,1,1,0,0,0
4873,2019-04-22,10,287,3,1,3,1,1,0,0,0
4874,2019-04-22,20,287,3,1,3,1,1,0,0,0
4875,2019-04-22,50,287,3,1,3,1,1,0,0,0
4876,2019-04-22,115,287,3,1,3,1,1,0,0,0
4877,2019-04-22,3,287,4,1,3,1,1,0,0,0
4878,2019-04-22,5,287,4,1,3,1,1,0,0,0
4879,2019-04-22,10,287,4,1,3,1,1,0,0,0
4880,2019-04-22,20,287,4,1,3,1,1,0,0,0
4881,2019-04-22,50,287,4,1,3,1,1,0,0,0
4882,2019-04-22,115,287,4,1,3,1,1,0,0,0
4883,2019-04-22,3,287,5,1,3,1,1,0,0,0
4884,2019-04-22,5,287,5,1,3,1,1,0,0,0
4885,2019-04-22,10,287,5,1,3,1,1,0,0,0
4886,2019-04-22,20,287,5,1,3,1,1,0,0,0
4887,2019-04-22,50,287,5,1,3,1,1,0,0,0
4888,2019-04-22,115,287,5,1,3,1,1,0,0,0
4889,2019-04-22,3,287,6,1,3,1,1,0,0,0
4890,2019-04-22,5,287,6,1,3,1,1,0,0,0
4891,2019-04-22,10,287,6,1,3,1,1,0,0,0
4892,2019-04-22,20,287,6,1,3,1,1,0,0,0
4893,2019-04-22,50,287,6,1,3,1,1,0,0,0
4894,2019-04-22,115,287,6,1,3,1,1,0,0,0
4897,2019-04-29,3,0,1,2,2,0,0,0,0,0
4898,2019-04-29,3,0,1,0,2,2,0,0,0,0
4899,2019-04-29,3,0,1,1,2,1,0,0,0,0
4900,2019-04-29,5,0,1,2,2,0,0,0,0,0
4901,2019-04-29,5,0,1,0,2,2,0,0,0,0
4902,2019-04-29,5,0,1,1,2,1,0,0,0,0
4903,2019-04-29,10,0,1,2,2,0,0,0,0,0
4904,2019-04-29,10,0,1,0,2,2,0,0,0,0
4905,2019-04-29,10,0,1,1,2,1,0,0,0,0
4906,2019-04-29,20,0,1,2,2,0,0,0,0,0
4907,2019-04-29,20,0,1,0,2,2,0,0,0,0
4908,2019-04-29,20,0,1,1,2,1,0,0,0,0
4909,2019-04-29,50,0,1,2,2,0,0,0,0,0
4910,2019-04-29,50,0,1,0,2,2,0,0,0,0
4911,2019-04-29,50,0,1,1,2,1,0,0,0,0
4912,2019-04-29,115,0,1,2,2,0,0,0,0,0
4913,2019-04-29,115,0,1,0,2,2,0,0,0,0
4914,2019-04-29,115,0,1,1,2,1,0,0,0,0
4915,2019-04-29,3,0,2,2,2,0,0,0,0,0
4916,2019-04-29,3,0,2,0,2,2,0,0,0,0
4917,2019-04-29,3,0,2,1,2,1,0,0,0,0
4918,2019-04-29,5,0,2,2,2,0,0,0,0,0
4919,2019-04-29,5,0,2,0,2,2,0,0,0,0
4920,2019-04-29,5,0,2,1,2,1,0,0,0,0
4921,2019-04-29,10,0,2,2,2,0,0,0,0,0
4922,2019-04-29,10,0,2,0,2,2,0,0,0,0
4923,2019-04-29,10,0,2,1,2,1,0,0,0,0
4924,2019-04-29,20,0,2,2,2,0,0,0,0,0
4925,2019-04-29,20,0,2,0,2,2,0,0,0,0
4926,2019-04-29,20,0,2,1,2,1,0,0,0,0
4927,2019-04-29,50,0,2,2,2,0,0,0,0,0
4928,2019-04-29,50,0,2,0,2,2,0,0,0,0
4929,2019-04-29,50,0,2,1,2,1,0,0,0,0
4930,2019-04-29,115,0,2,2,2,0,0,0,0,0
4931,2019-04-29,115,0,2,0,2,2,0,0,0,0
4932,2019-04-29,115,0,2,1,2,1,0,0,0,0
4933,2019-04-29,3,0,3,2,2,0,0,0,0,0
4934,2019-04-29,3,0,3,0,2,2,0,0,0,0
4935,2019-04-29,3,0,3,1,2,1,0,0,0,0
4936,2019-04-29,5,0,3,2,2,0,0,0,0,0
4937,2019-04-29,5,0,3,0,2,2,0,0,0,0
4938,2019-04-29,5,0,3,1,2,1,0,0,0,0
4939,2019-04-29,10,0,3,2,2,0,0,0,0,0
4940,2019-04-29,10,0,3,0,2,2,0,0,0,0
4941,2019-04-29,10,0,3,1,2,1,0,0,0,0
4942,2019-04-29,20,0,3,2,2,0,0,0,0,0
4943,2019-04-29,20,0,3,0,2,2,0,0,0,0
4944,2019-04-29,20,0,3,1,2,1,0,0,0,0
4945,2019-04-29,50,0,3,2,2,0,0,0,0,0
4946,2019-04-29,50,0,3,0,2,2,0,0,0,0
4947,2019-04-29,50,0,3,1,2,1,0,0,0,0
4948,2019-04-29,115,0,3,2,2,0,0,0,0,0
4949,2019-04-29,115,0,3,0,2,2,0,0,0,0
4950,2019-04-29,115,0,3,1,2,1,0,0,0,0
4951,2019-04-29,3,0,4,2,2,0,0,0,0,0
4952,2019-04-29,3,0,4,0,2,2,0,0,0,0
4953,2019-04-29,3,0,4,1,2,1,0,0,0,0
4954,2019-04-29,5,0,4,2,2,0,0,0,0,0
4955,2019-04-29,5,0,4,0,2,2,0,0,0,0
4956,2019-04-29,5,0,4,1,2,1,0,0,0,0
4957,2019-04-29,10,0,4,2,2,0,0,0,0,0
4958,2019-04-29,10,0,4,0,2,2,0,0,0,0
4959,2019-04-29,10,0,4,1,2,1,0,0,0,0
4960,2019-04-29,20,0,4,2,2,0,0,0,0,0
4961,2019-04-29,20,0,4,0,2,2,0,0,0,0
4962,2019-04-29,20,0,4,1,2,1,0,0,0,0
4963,2019-04-29,50,0,4,2,2,0,0,0,0,0
4964,2019-04-29,50,0,4,0,2,2,0,0,0,0
4965,2019-04-29,50,0,4,1,2,1,0,0,0,0
4966,2019-04-29,115,0,4,2,2,0,0,0,0,0
4967,2019-04-29,115,0,4,0,2,2,0,0,0,0
4968,2019-04-29,115,0,4,1,2,1,0,0,0,0
4969,2019-04-29,3,0,5,2,2,0,0,0,0,0
4970,2019-04-29,3,0,5,0,2,2,0,0,0,0
4971,2019-04-29,3,0,5,1,2,1,0,0,0,0
4972,2019-04-29,5,0,5,2,2,0,0,0,0,0
4973,2019-04-29,5,0,5,0,2,2,0,0,0,0
4974,2019-04-29,5,0,5,1,2,1,0,0,0,0
4975,2019-04-29,10,0,5,2,2,0,0,0,0,0
4976,2019-04-29,10,0,5,0,2,2,0,0,0,0
4977,2019-04-29,10,0,5,1,2,1,0,0,0,0
4978,2019-04-29,20,0,5,2,2,0,0,0,0,0
4979,2019-04-29,20,0,5,0,2,2,0,0,0,0
4980,2019-04-29,20,0,5,1,2,1,0,0,0,0
4981,2019-04-29,50,0,5,2,2,0,0,0,0,0
4982,2019-04-29,50,0,5,0,2,2,0,0,0,0
4983,2019-04-29,50,0,5,1,2,1,0,0,0,0
4984,2019-04-29,115,0,5,2,2,0,0,0,0,0
4985,2019-04-29,115,0,5,0,2,2,0,0,0,0
4986,2019-04-29,115,0,5,1,2,1,0,0,0,0
4987,2019-04-29,3,0,6,2,2,0,0,0,0,0
4988,2019-04-29,3,0,6,0,2,2,0,0,0,0
4989,2019-04-29,3,0,6,1,2,1,0,0,0,0
4990,2019-04-29,5,0,6,2,2,0,0,0,0,0
4991,2019-04-29,5,0,6,0,2,2,0,0,0,0
4992,2019-04-29,5,0,6,1,2,1,0,0,0,0
4993,2019-04-29,10,0,6,2,2,0,0,0,0,0
4994,2019-04-29,10,0,6,0,2,2,0,0,0,0
4995,2019-04-29,10,0,6,1,2,1,0,0,0,0
4996,2019-04-29,20,0,6,2,2,0,0,0,0,0
4997,2019-04-29,20,0,6,0,2,2,0,0,0,0
4998,2019-04-29,20,0,6,1,2,1,0,0,0,0
4999,2019-04-29,50,0,6,2,2,0,0,0,0,0
5000,2019-04-29,50,0,6,0,2,2,0,0,0,0
5001,2019-04-29,50,0,6,1,2,1,0,0,0,0
5002,2019-04-29,115,0,6,2,2,0,0,0,0,0
5003,2019-04-29,115,0,6,0,2,2,0,0,0,0
5004,2019-04-29,115,0,6,1,2,1,0,0,0,0
5005,2019-05-06,3,0,1,3,2,0,1,0,0,0
5006,2019-05-06,5,0,1,3,2,0,1,0,0,0
5007,2019-05-06,10,0,1,3,2,0,1,0,0,0
5008,2019-05-06,20,0,1,3,2,0,1,0,0,0
5009,2019-05-06,50,0,1,3,2,0,1,0,0,0
5010,2019-05-06,115,0,1,3,2,0,1,0,0,0
5011,2019-05-06,3,0,2,3,2,0,1,0,0,0
5012,2019-05-06,5,0,2,3,2,0,1,0,0,0
5013,2019-05-06,10,0,2,3,2,0,1,0,0,0
5014,2019-05-06,20,0,2,3,2,0,1,0,0,0
5015,2019-05-06,50,0,2,3,2,0,1,0,0,0
5016,2019-05-06,115,0,2,3,2,0,1,0,0,0
5017,2019-05-06,3,0,3,3,2,0,1,0,0,0
5018,2019-05-06,5,0,3,3,2,0,1,0,0,0
5019,2019-05-06,10,0,3,3,2,0,1,0,0,0
5020,2019-05-06,20,0,3,3,2,0,1,0,0,0
5021,2019-05-06,50,0,3,3,2,0,1,0,0,0
5022,2019-05-06,115,0,3,3,2,0,1,0,0,0
5023,2019-05-06,3,0,4,3,2,0,1,0,0,0
5024,2019-05-06,5,0,4,3,2,0,1,0,0,0
5025,2019-05-06,10,0,4,3,2,0,1,0,0,0
5026,2019-05-06,20,0,4,3,2,0,1,0,0,0
5027,2019-05-06,50,0,4,3,2,0,1,0,0,0
5028,2019-05-06,115,0,4,3,2,0,1,0,0,0
5029,2019-05-06,3,0,5,3,2,0,1,0,0,0
5030,2019-05-06,5,0,5,3,2,0,1,0,0,0
5031,2019-05-06,10,0,5,3,2,0,1,0,0,0
5032,2019-05-06,20,0,5,3,2,0,1,0,0,0
5033,2019-05-06,50,0,5,3,2,0,1,0,0,0
5034,2019-05-06,115,0,5,3,2,0,1,0,0,0
5035,2019-05-06,3,0,6,3,2,0,1,0,0,0
5036,2019-05-06,5,0,6,3,2,0,1,0,0,0
5037,2019-05-06,10,0,6,3,2,0,1,0,0,0
5038,2019-05-06,20,0,6,3,2,0,1,0,0,0
5039,2019-05-06,50,0,6,3,2,0,1,0,0,0
5040,2019-05-06,115,0,6,3,2,0,1,0,0,0
5077,2019-05-13,3,288,1,1,3,1,1,0,0,0
5078,2019-05-13,5,288,1,1,3,1,1,0,0,0
5079,2019-05-13,10,288,1,1,3,1,1,0,0,0
5080,2019-05-13,20,288,1,1,3,1,1,0,0,0
5081,2019-05-13,50,288,1,1,3,1,1,0,0,0
5082,2019-05-13,115,288,1,1,3,1,1,0,0,0
5083,2019-05-13,3,288,2,1,3,1,1,0,0,0
5084,2019-05-13,5,288,2,1,3,1,1,0,0,0
5085,2019-05-13,10,288,2,1,3,1,1,0,0,0
5086,2019-05-13,20,288,2,1,3,1,1,0,0,0
5087,2019-05-13,50,288,2,1,3,1,1,0,0,0
5088,2019-05-13,115,288,2,1,3,1,1,0,0,0
5089,2019-05-13,3,288,3,1,3,1,1,0,0,0
5090,2019-05-13,5,288,3,1,3,1,1,0,0,0
5091,2019-05-13,10,288,3,1,3,1,1,0,0,0
5092,2019-05-13,20,288,3,1,3,1,1,0,0,0
5093,2019-05-13,50,288,3,1,3,1,1,0,0,0
5094,2019-05-13,115,288,3,1,3,1,1,0,0,0
5095,2019-05-13,3,288,4,1,3,1,1,0,0,0
5096,2019-05-13,5,288,4,1,3,1,1,0,0,0
5097,2019-05-13,10,288,4,1,3,1,1,0,0,0
5098,2019-05-13,20,288,4,1,3,1,1,0,0,0
5099,2019-05-13,50,288,4,1,3,1,1,0,0,0
5100,2019-05-13,115,288,4,1,3,1,1,0,0,0
5101,2019-05-13,3,288,5,1,3,1,1,0,0,0
5102,2019-05-13,5,288,5,1,3,1,1,0,0,0
5103,2019-05-13,10,288,5,1,3,1,1,0,0,0
5104,2019-05-13,20,288,5,1,3,1,1,0,0,0
5105,2019-05-13,50,288,5,1,3,1,1,0,0,0
5106,2019-05-13,115,288,5,1,3,1,1,0,0,0
5107,2019-05-13,3,288,6,1,3,1,1,0,0,0
5108,2019-05-13,5,288,6,1,3,1,1,0,0,0
5109,2019-05-13,10,288,6,1,3,1,1,0,0,0
5110,2019-05-13,20,288,6,1,3,1,1,0,0,0
5111,2019-05-13,50,288,6,1,3,1,1,0,0,0
5112,2019-05-13,115,288,6,1,3,1,1,0,0,0
5113,2019-05-20,3,0,1,3,2,0,1,0,0,0
5114,2019-05-20,5,0,1,3,2,0,1,0,0,0
5115,2019-05-20,10,0,1,3,2,0,1,0,0,0
5116,2019-05-20,20,0,1,3,2,0,1,0,0,0
5117,2019-05-20,50,0,1,3,2,0,1,0,0,0
5118,2019-05-20,115,0,1,3,2,0,1,0,0,0
5119,2019-05-20,3,0,2,3,2,0,1,0,0,0
5120,2019-05-20,5,0,2,3,2,0,1,0,0,0
5121,2019-05-20,10,0,2,3,2,0,1,0,0,0
5122,2019-05-20,20,0,2,3,2,0,1,0,0,0
5123,2019-05-20,50,0,2,3,2,0,1,0,0,0
5124,2019-05-20,115,0,2,3,2,0,1,0,0,0
5125,2019-05-20,3,0,3,3,2,0,1,0,0,0
5126,2019-05-20,5,0,3,3,2,0,1,0,0,0
5127,2019-05-20,10,0,3,3,2,0,1,0,0,0
5128,2019-05-20,20,0,3,3,2,0,1,0,0,0
5129,2019-05-20,50,0,3,3,2,0,1,0,0,0
5130,2019-05-20,115,0,3,3,2,0,1,0,0,0
5131,2019-05-20,3,0,4,3,2,0,1,0,0,0
5132,2019-05-20,5,0,4,3,2,0,1,0,0,0
5133,2019-05-20,10,0,4,3,2,0,1,0,0,0
5134,2019-05-20,20,0,4,3,2,0,1,0,0,0
5135,2019-05-20,50,0,4,3,2,0,1,0,0,0
5136,2019-05-20,115,0,4,3,2,0,1,0,0,0
5137,2019-05-20,3,0,5,3,2,0,1,0,0,0
5138,2019-05-20,5,0,5,3,2,0,1,0,0,0
5139,2019-05-20,10,0,5,3,2,0,1,0,0,0
5140,2019-05-20,20,0,5,3,2,0,1,0,0,0
5141,2019-05-20,50,0,5,3,2,0,1,0,0,0
5142,2019-05-20,115,0,5,3,2,0,1,0,0,0
5143,2019-05-20,3,0,6,3,2,0,1,0,0,0
5144,2019-05-20,5,0,6,3,2,0,1,0,0,0
5145,2019-05-20,10,0,6,3,2,0,1,0,0,0
5146,2019-05-20,20,0,6,3,2,0,1,0,0,0
5147,2019-05-20,50,0,6,3,2,0,1,0,0,0
5148,2019-05-20,115,0,6,3,2,0,1,0,0,0
5153,2019-05-27,3,0,1,1,2,2,1,0,0,0
5154,2019-05-27,5,0,1,1,2,2,1,0,0,0
5155,2019-05-27,10,0,1,1,2,2,1,0,0,0
5156,2019-05-27,15,0,1,1,2,2,1,0,0,0
5157,2019-05-27,20,0,1,1,2,2,1,0,0,0
5158,2019-05-27,30,0,1,1,2,2,1,0,0,0
5159,2019-05-27,50,0,1,1,2,2,1,0,0,0
5160,2019-05-27,70,0,1,1,2,2,1,0,0,0
5161,2019-05-27,115,0,1,1,2,2,1,0,0,0
5162,2019-05-27,150,0,1,1,2,2,1,0,0,0
5163,2019-05-27,3,0,2,1,2,2,1,0,0,0
5164,2019-05-27,5,0,2,1,2,2,1,0,0,0
5165,2019-05-27,10,0,2,1,2,2,1,0,0,0
5166,2019-05-27,15,0,2,1,2,2,1,0,0,0
5167,2019-05-27,20,0,2,1,2,2,1,0,0,0
5168,2019-05-27,30,0,2,1,2,2,1,0,0,0
5169,2019-05-27,50,0,2,1,2,2,1,0,0,0
5170,2019-05-27,70,0,2,1,2,2,1,0,0,0
5171,2019-05-27,115,0,2,1,2,2,1,0,0,0
5172,2019-05-27,150,0,2,1,2,2,1,0,0,0
5173,2019-05-27,3,0,3,1,2,2,1,0,0,0
5174,2019-05-27,5,0,3,1,2,2,1,0,0,0
5175,2019-05-27,10,0,3,1,2,2,1,0,0,0
5176,2019-05-27,15,0,3,1,2,2,1,0,0,0
5177,2019-05-27,20,0,3,1,2,2,1,0,0,0
5178,2019-05-27,30,0,3,1,2,2,1,0,0,0
5179,2019-05-27,50,0,3,1,2,2,1,0,0,0
5180,2019-05-27,70,0,3,1,2,2,1,0,0,0
5181,2019-05-27,115,0,3,1,2,2,1,0,0,0
5182,2019-05-27,150,0,3,1,2,2,1,0,0,0
5183,2019-05-27,3,0,4,1,2,2,1,0,0,0
5184,2019-05-27,5,0,4,1,2,2,1,0,0,0
5185,2019-05-27,10,0,4,1,2,2,1,0,0,0
5186,2019-05-27,15,0,4,1,2,2,1,0,0,0
5187,2019-05-27,20,0,4,1,2,2,1,0,0,0
5188,2019-05-27,30,0,4,1,2,2,1,0,0,0
5189,2019-05-27,50,0,4,1,2,2,1,0,0,0
5190,2019-05-27,70,0,4,1,2,2,1,0,0,0
5191,2019-05-27,115,0,4,1,2,2,1,0,0,0
5192,2019-05-27,150,0,4,1,2,2,1,0,0,0
5193,2019-05-27,3,0,5,1,2,2,1,0,0,0
5194,2019-05-27,5,0,5,1,2,2,1,0,0,0
5195,2019-05-27,10,0,5,1,2,2,1,0,0,0
5196,2019-05-27,15,0,5,1,2,2,1,0,0,0
5197,2019-05-27,20,0,5,1,2,2,1,0,0,0
5198,2019-05-27,30,0,5,1,2,2,1,0,0,0
5199,2019-05-27,50,0,5,1,2,2,1,0,0,0
5200,2019-05-27,70,0,5,1,2,2,1,0,0,0
5201,2019-05-27,115,0,5,1,2,2,1,0,0,0
5202,2019-05-27,150,0,5,1,2,2,1,0,0,0
5203,2019-05-27,3,0,6,1,2,2,1,0,0,0
5204,2019-05-27,5,0,6,1,2,2,1,0,0,0
5205,2019-05-27,10,0,6,1,2,2,1,0,0,0
5206,2019-05-27,15,0,6,1,2,2,1,0,0,0
5207,2019-05-27,20,0,6,1,2,2,1,0,0,0
5208,2019-05-27,30,0,6,1,2,2,1,0,0,0
5209,2019-05-27,50,0,6,1,2,2,1,0,0,0
5210,2019-05-27,70,0,6,1,2,2,1,0,0,0
5211,2019-05-27,115,0,6,1,2,2,1,0,0,0
5212,2019-05-27,150,0,6,1,2,2,1,0,0,0
5214,2019-06-03,3,289,1,1,3,1,1,0,0,0
5215,2019-06-03,5,289,1,1,3,1,1,0,0,0
5216,2019-06-03,10,289,1,1,3,1,1,0,0,0
5217,2019-06-03,15,289,1,1,3,1,1,0,0,0
5218,2019-06-03,20,289,1,1,3,1,1,0,0,0
5219,2019-06-03,30,289,1,1,3,1,1,0,0,0
5220,2019-06-03,50,289,1,1,3,1,1,0,0,0
5221,2019-06-03,70,289,1,1,3,1,1,0,0,0
5222,2019-06-03,115,289,1,1,3,1,1,0,0,0
5223,2019-06-03,150,289,1,1,3,1,1,0,0,0
5224,2019-06-03,3,289,2,1,3,1,1,0,0,0
5225,2019-06-03,5,289,2,1,3,1,1,0,0,0
5226,2019-06-03,10,289,2,1,3,1,1,0,0,0
5227,2019-06-03,15,289,2,1,3,1,1,0,0,0
5228,2019-06-03,20,289,2,1,3,1,1,0,0,0
5229,2019-06-03,30,289,2,1,3,1,1,0,0,0
5230,2019-06-03,50,289,2,1,3,1,1,0,0,0
5231,2019-06-03,70,289,2,1,3,1,1,0,0,0
5232,2019-06-03,115,289,2,1,3,1,1,0,0,0
5233,2019-06-03,150,289,2,1,3,1,1,0,0,0
5234,2019-06-03,3,289,3,1,3,1,1,0,0,0
5235,2019-06-03,5,289,3,1,3,1,1,0,0,0
5236,2019-06-03,10,289,3,1,3,1,1,0,0,0
5237,2019-06-03,15,289,3,1,3,1,1,0,0,0
5238,2019-06-03,20,289,3,1,3,1,1,0,0,0
5239,2019-06-03,30,289,3,1,3,1,1,0,0,0
5240,2019-06-03,50,289,3,1,3,1,1,0,0,0
5241,2019-06-03,70,289,3,1,3,1,1,0,0,0
5242,2019-06-03,115,289,3,1,3,1,1,0,0,0
5243,2019-06-03,150,289,3,1,3,1,1,0,0,0
5244,2019-06-03,3,289,4,1,3,1,1,0,0,0
5245,2019-06-03,5,289,4,1,3,1,1,0,0,0
5246,2019-06-03,10,289,4,1,3,1,1,0,0,0
5247,2019-06-03,15,289,4,1,3,1,1,0,0,0
5248,2019-06-03,20,289,4,1,3,1,1,0,0,0
5249,2019-06-03,30,289,4,1,3,1,1,0,0,0
5250,2019-06-03,50,289,4,1,3,1,1,0,0,0
5251,2019-06-03,70,289,4,1,3,1,1,0,0,0
5252,2019-06-03,115,289,4,1,3,1,1,0,0,0
5253,2019-06-03,150,289,4,1,3,1,1,0,0,0
5254,2019-06-03,3,289,5,1,3,1,1,0,0,0
5255,2019-06-03,5,289,5,1,3,1,1,0,0,0
5256,2019-06-03,10,289,5,1,3,1,1,0,0,0
5257,2019-06-03,15,289,5,1,3,1,1,0,0,0
5258,2019-06-03,20,289,5,1,3,1,1,0,0,0
5259,2019-06-03,30,289,5,1,3,1,1,0,0,0
5260,2019-06-03,50,289,5,1,3,1,1,0,0,0
5261,2019-06-03,70,289,5,1,3,1,1,0,0,0
5262,2019-06-03,115,289,5,1,3,1,1,0,0,0
5263,2019-06-03,150,289,5,1,3,1,1,0,0,0
5264,2019-06-03,3,289,6,1,3,1,1,0,0,0
5265,2019-06-03,5,289,6,1,3,1,1,0,0,0
5266,2019-06-03,10,289,6,1,3,1,1,0,0,0
5267,2019-06-03,15,289,6,1,3,1,1,0,0,0
5268,2019-06-03,20,289,6,1,3,1,1,0,0,0
5269,2019-06-03,30,289,6,1,3,1,1,0,0,0
5270,2019-06-03,50,289,6,1,3,1,1,0,0,0
5271,2019-06-03,70,289,6,1,3,1,1,0,0,0
5272,2019-06-03,115,289,6,1,3,1,1,0,0,0
5273,2019-06-03,150,289,6,1,3,1,1,0,0,0
5276,2019-06-10,3,0,1,3,2,0,1,0,0,0
5277,2019-06-10,5,0,1,3,2,0,1,0,0,0
5278,2019-06-10,10,0,1,3,2,0,1,0,0,0
5279,2019-06-10,15,0,1,3,2,0,1,0,0,0
5280,2019-06-10,20,0,1,3,2,0,1,0,0,0
5281,2019-06-10,30,0,1,3,2,0,1,0,0,0
5282,2019-06-10,50,0,1,3,2,0,1,0,0,0
5283,2019-06-10,70,0,1,3,2,0,1,0,0,0
5284,2019-06-10,115,0,1,3,2,0,1,0,0,0
5285,2019-06-10,150,0,1,3,2,0,1,0,0,0
5286,2019-06-10,3,0,2,3,2,0,1,0,0,0
5287,2019-06-10,5,0,2,3,2,0,1,0,0,0
5288,2019-06-10,10,0,2,3,2,0,1,0,0,0
5289,2019-06-10,15,0,2,3,2,0,1,0,0,0
5290,2019-06-10,20,0,2,3,2,0,1,0,0,0
5291,2019-06-10,30,0,2,3,2,0,1,0,0,0
5292,2019-06-10,50,0,2,3,2,0,1,0,0,0
5293,2019-06-10,70,0,2,3,2,0,1,0,0,0
5294,2019-06-10,115,0,2,3,2,0,1,0,0,0
5295,2019-06-10,150,0,2,3,2,0,1,0,0,0
5296,2019-06-10,3,0,3,3,2,0,1,0,0,0
5297,2019-06-10,5,0,3,3,2,0,1,0,0,0
5298,2019-06-10,10,0,3,3,2,0,1,0,0,0
5299,2019-06-10,15,0,3,3,2,0,1,0,0,0
5300,2019-06-10,20,0,3,3,2,0,1,0,0,0
5301,2019-06-10,30,0,3,3,2,0,1,0,0,0
5302,2019-06-10,50,0,3,3,2,0,1,0,0,0
5303,2019-06-10,70,0,3,3,2,0,1,0,0,0
5304,2019-06-10,115,0,3,3,2,0,1,0,0,0
5305,2019-06-10,150,0,3,3,2,0,1,0,0,0
5306,2019-06-10,3,0,4,3,2,0,1,0,0,0
5307,2019-06-10,5,0,4,3,2,0,1,0,0,0
5308,2019-06-10,10,0,4,3,2,0,1,0,0,0
5309,2019-06-10,15,0,4,3,2,0,1,0,0,0
5310,2019-06-10,20,0,4,3,2,0,1,0,0,0
5311,2019-06-10,30,0,4,3,2,0,1,0,0,0
5312,2019-06-10,50,0,4,3,2,0,1,0,0,0
5313,2019-06-10,70,0,4,3,2,0,1,0,0,0
5314,2019-06-10,115,0,4,3,2,0,1,0,0,0
5315,2019-06-10,150,0,4,3,2,0,1,0,0,0
5316,2019-06-10,3,0,5,3,2,0,1,0,0,0
5317,2019-06-10,5,0,5,3,2,0,1,0,0,0
5318,2019-06-10,10,0,5,3,2,0,1,0,0,0
5319,2019-06-10,15,0,5,3,2,0,1,0,0,0
5320,2019-06-10,20,0,5,3,2,0,1,0,0,0
5321,2019-06-10,30,0,5,3,2,0,1,0,0,0
5322,2019-06-10,50,0,5,3,2,0,1,0,0,0
5323,2019-06-10,70,0,5,3,2,0,1,0,0,0
5324,2019-06-10,115,0,5,3,2,0,1,0,0,0
5325,2019-06-10,150,0,5,3,2,0,1,0,0,0
5326,2019-06-10,3,0,6,3,2,0,1,0,0,0
5327,2019-06-10,5,0,6,3,2,0,1,0,0,0
5328,2019-06-10,10,0,6,3,2,0,1,0,0,0
5329,2019-06-10,15,0,6,3,2,0,1,0,0,0
5330,2019-06-10,20,0,6,3,2,0,1,0,0,0
5331,2019-06-10,30,0,6,3,2,0,1,0,0,0
5332,2019-06-10,50,0,6,3,2,0,1,0,0,0
5333,2019-06-10,70,0,6,3,2,0,1,0,0,0
5334,2019-06-10,115,0,6,3,2,0,1,0,0,0
5335,2019-06-10,150,0,6,3,2,0,1,0,0,0
5336,2019-06-17,3,0,1,1,2,2,1,0,0,0
5337,2019-06-17,5,0,1,1,2,2,1,0,0,0
5338,2019-06-17,10,0,1,1,2,2,1,0,0,0
5339,2019-06-17,15,0,1,1,2,2,1,0,0,0
5340,2019-06-17,20,0,1,1,2,2,1,0,0,0
5341,2019-06-17,30,0,1,1,2,2,1,0,0,0
5342,2019-06-17,50,0,1,1,2,2,1,0,0,0
5343,2019-06-17,70,0,1,1,2,2,1,0,0,0
5344,2019-06-17,115,0,1,1,2,2,1,0,0,0
5345,2019-06-17,150,0,1,1,2,2,1,0,0,0
5346,2019-06-17,3,0,2,1,2,2,1,0,0,0
5347,2019-06-17,5,0,2,1,2,2,1,0,0,0
5348,2019-06-17,10,0,2,1,2,2,1,0,0,0
5349,2019-06-17,15,0,2,1,2,2,1,0,0,0
5350,2019-06-17,20,0,2,1,2,2,1,0,0,0
5351,2019-06-17,30,0,2,1,2,2,1,0,0,0
5352,2019-06-17,50,0,2,1,2,2,1,0,0,0
5353,2019-06-17,70,0,2,1,2,2,1,0,0,0
5354,2019-06-17,115,0,2,1,2,2,1,0,0,0
5355,2019-06-17,150,0,2,1,2,2,1,0,0,0
5356,2019-06-17,3,0,3,1,2,2,1,0,0,0
5357,2019-06-17,5,0,3,1,2,2,1,0,0,0
5358,2019-06-17,10,0,3,1,2,2,1,0,0,0
5359,2019-06-17,15,0,3,1,2,2,1,0,0,0
5360,2019-06-17,20,0,3,1,2,2,1,0,0,0
5361,2019-06-17,30,0,3,1,2,2,1,0,0,0
5362,2019-06-17,50,0,3,1,2,2,1,0,0,0
5363,2019-06-17,70,0,3,1,2,2,1,0,0,0
5364,2019-06-17,115,0,3,1,2,2,1,0,0,0
5365,2019-06-17,150,0,3,1,2,2,1,0,0,0
5366,2019-06-17,3,0,4,1,2,2,1,0,0,0
5367,2019-06-17,5,0,4,1,2,2,1,0,0,0
5368,2019-06-17,10,0,4,1,2,2,1,0,0,0
5369,2019-06-17,15,0,4,1,2,2,1,0,0,0
5370,2019-06-17,20,0,4,1,2,2,1,0,0,0
5371,2019-06-17,30,0,4,1,2,2,1,0,0,0
5372,2019-06-17,50,0,4,1,2,2,1,0,0,0
5373,2019-06-17,70,0,4,1,2,2,1,0,0,0
5374,2019-06-17,115,0,4,1,2,2,1,0,0,0
5375,2019-06-17,150,0,4,1,2,2,1,0,0,0
5376,2019-06-17,3,0,5,1,2,2,1,0,0,0
5377,2019-06-17,5,0,5,1,2,2,1,0,0,0
5378,2019-06-17,10,0,5,1,2,2,1,0,0,0
5379,2019-06-17,15,0,5,1,2,2,1,0,0,0
5380,2019-06-17,20,0,5,1,2,2,1,0,0,0
5381,2019-06-17,30,0,5,1,2,2,1,0,0,0
5382,2019-06-17,50,0,5,1,2,2,1,0,0,0
5383,2019-06-17,70,0,5,1,2,2,1,0,0,0
5384,2019-06-17,115,0,5,1,2,2,1,0,0,0
5385,2019-06-17,150,0,5,1,2,2,1,0,0,0
5386,2019-06-17,3,0,6,1,2,2,1,0,0,0
5387,2019-06-17,5,0,6,1,2,2,1,0,0,0
5388,2019-06-17,10,0,6,1,2,2,1,0,0,0
5389,2019-06-17,15,0,6,1,2,2,1,0,0,0
5390,2019-06-17,20,0,6,1,2,2,1,0,0,0
5391,2019-06-17,30,0,6,1,2,2,1,0,0,0
5392,2019-06-17,50,0,6,1,2,2,1,0,0,0
5393,2019-06-17,70,0,6,1,2,2,1,0,0,0
5394,2019-06-17,115,0,6,1,2,2,1,0,0,0
5395,2019-06-17,150,0,6,1,2,2,1,0,0,0
5398,2019-06-24,3,0,1,1,2,2,1,0,0,0
5399,2019-06-24,5,0,1,1,2,2,1,0,0,0
5400,2019-06-24,10,0,1,1,2,2,1,0,0,0
5401,2019-06-24,15,0,1,1,2,2,1,0,0,0
5402,2019-06-24,20,0,1,1,2,2,1,0,0,0
5403,2019-06-24,30,0,1,1,2,2,1,0,0,0
5404,2019-06-24,50,0,1,1,2,2,1,0,0,0
5405,2019-06-24,70,0,1,1,2,2,1,0,0,0
5406,2019-06-24,115,0,1,1,2,2,1,0,0,0
5407,2019-06-24,150,0,1,1,2,2,1,0,0,0
5408,2019-06-24,3,0,2,1,2,2,1,0,0,0
5409,2019-06-24,5,0,2,1,2,2,1,0,0,0
5410,2019-06-24,10,0,2,1,2,2,1,0,0,0
5411,2019-06-24,15,0,2,1,2,2,1,0,0,0
5412,2019-06-24,20,0,2,1,2,2,1,0,0,0
5413,2019-06-24,30,0,2,1,2,2,1,0,0,0
5414,2019-06-24,50,0,2,1,2,2,1,0,0,0
5415,2019-06-24,70,0,2,1,2,2,1,0,0,0
5416,2019-06-24,115,0,2,1,2,2,1,0,0,0
5417,2019-06-24,150,0,2,1,2,2,1,0,0,0
5418,2019-06-24,3,0,3,1,2,2,1,0,0,0
5419,2019-06-24,5,0,3,1,2,2,1,0,0,0
5420,2019-06-24,10,0,3,1,2,2,1,0,0,0
5421,2019-06-24,15,0,3,1,2,2,1,0,0,0
5422,2019-06-24,20,0,3,1,2,2,1,0,0,0
5423,2019-06-24,30,0,3,1,2,2,1,0,0,0
5424,2019-06-24,50,0,3,1,2,2,1,0,0,0
5425,2019-06-24,70,0,3,1,2,2,1,0,0,0
5426,2019-06-24,115,0,3,1,2,2,1,0,0,0
5427,2019-06-24,150,0,3,1,2,2,1,0,0,0
5428,2019-06-24,3,0,4,1,2,2,1,0,0,0
5429,2019-06-24,5,0,4,1,2,2,1,0,0,0
5430,2019-06-24,10,0,4,1,2,2,1,0,0,0
5431,2019-06-24,15,0,4,1,2,2,1,0,0,0
5432,2019-06-24,20,0,4,1,2,2,1,0,0,0
5433,2019-06-24,30,0,4,1,2,2,1,0,0,0
5434,2019-06-24,50,0,4,1,2,2,1,0,0,0
5435,2019-06-24,70,0,4,1,2,2,1,0,0,0
5436,2019-06-24,115,0,4,1,2,2,1,0,0,0
5437,2019-06-24,150,0,4,1,2,2,1,0,0,0
5438,2019-06-24,3,0,5,1,2,2,1,0,0,0
5439,2019-06-24,5,0,5,1,2,2,1,0,0,0
5440,2019-06-24,10,0,5,1,2,2,1,0,0,0
5441,2019-06-24,15,0,5,1,2,2,1,0,0,0
5442,2019-06-24,20,0,5,1,2,2,1,0,0,0
5443,2019-06-24,30,0,5,1,2,2,1,0,0,0
5444,2019-06-24,50,0,5,1,2,2,1,0,0,0
5445,2019-06-24,70,0,5,1,2,2,1,0,0,0
5446,2019-06-24,115,0,5,1,2,2,1,0,0,0
5447,2019-06-24,150,0,5,1,2,2,1,0,0,0
5448,2019-06-24,3,0,6,1,2,2,1,0,0,0
5449,2019-06-24,5,0,6,1,2,2,1,0,0,0
5450,2019-06-24,10,0,6,1,2,2,1,0,0,0
5451,2019-06-24,15,0,6,1,2,2,1,0,0,0
5452,2019-06-24,20,0,6,1,2,2,1,0,0,0
5453,2019-06-24,30,0,6,1,2,2,1,0,0,0
5454,2019-06-24,50,0,6,1,2,2,1,0,0,0
5455,2019-06-24,70,0,6,1,2,2,1,0,0,0
5456,2019-06-24,115,0,6,1,2,2,1,0,0,0
5457,2019-06-24,150,0,6,1,2,2,1,0,0,0
5462,2019-07-01,3,290,1,1,3,1,1,0,0,0
5463,2019-07-01,5,290,1,1,3,1,1,0,0,0
5464,2019-07-01,10,290,1,1,3,1,1,0,0,0
5465,2019-07-01,15,290,1,1,3,1,1,0,0,0
5466,2019-07-01,20,290,1,1,3,1,1,0,0,0
5467,2019-07-01,30,290,1,1,3,1,1,0,0,0
5468,2019-07-01,50,290,1,1,3,1,1,0,0,0
5469,2019-07-01,70,290,1,1,3,1,1,0,0,0
5470,2019-07-01,115,290,1,1,3,1,1,0,0,0
5471,2019-07-01,150,290,1,1,3,1,1,0,0,0
5472,2019-07-01,3,290,2,1,3,1,1,0,0,0
5473,2019-07-01,5,290,2,1,3,1,1,0,0,0
5474,2019-07-01,10,290,2,1,3,1,1,0,0,0
5475,2019-07-01,15,290,2,1,3,1,1,0,0,0
5476,2019-07-01,20,290,2,1,3,1,1,0,0,0
5477,2019-07-01,30,290,2,1,3,1,1,0,0,0
5478,2019-07-01,50,290,2,1,3,1,1,0,0,0
5479,2019-07-01,70,290,2,1,3,1,1,0,0,0
5480,2019-07-01,115,290,2,1,3,1,1,0,0,0
5481,2019-07-01,150,290,2,1,3,1,1,0,0,0
5482,2019-07-01,3,290,3,1,3,1,1,0,0,0
5483,2019-07-01,5,290,3,1,3,1,1,0,0,0
5484,2019-07-01,10,290,3,1,3,1,1,0,0,0
5485,2019-07-01,15,290,3,1,3,1,1,0,0,0
5486,2019-07-01,20,290,3,1,3,1,1,0,0,0
5487,2019-07-01,30,290,3,1,3,1,1,0,0,0
5488,2019-07-01,50,290,3,1,3,1,1,0,0,0
5489,2019-07-01,70,290,3,1,3,1,1,0,0,0
5490,2019-07-01,115,290,3,1,3,1,1,0,0,0
5491,2019-07-01,150,290,3,1,3,1,1,0,0,0
5492,2019-07-01,3,290,4,1,3,1,1,0,0,0
5493,2019-07-01,5,290,4,1,3,1,1,0,0,0
5494,2019-07-01,10,290,4,1,3,1,1,0,0,0
5495,2019-07-01,15,290,4,1,3,1,1,0,0,0
5496,2019-07-01,20,290,4,1,3,1,1,0,0,0
5497,2019-07-01,30,290,4,1,3,1,1,0,0,0
5498,2019-07-01,50,290,4,1,3,1,1,0,0,0
5499,2019-07-01,70,290,4,1,3,1,1,0,0,0
5500,2019-07-01,115,290,4,1,3,1,1,0,0,0
5501,2019-07-01,150,290,4,1,3,1,1,0,0,0
5502,2019-07-01,3,290,5,1,3,1,1,0,0,0
5503,2019-07-01,5,290,5,1,3,1,1,0,0,0
5504,2019-07-01,10,290,5,1,3,1,1,0,0,0
5505,2019-07-01,15,290,5,1,3,1,1,0,0,0
5506,2019-07-01,20,290,5,1,3,1,1,0,0,0
5507,2019-07-01,30,290,5,1,3,1,1,0,0,0
5508,2019-07-01,50,290,5,1,3,1,1,0,0,0
5509,2019-07-01,70,290,5,1,3,1,1,0,0,0
5510,2019-07-01,115,290,5,1,3,1,1,0,0,0
5511,2019-07-01,150,290,5,1,3,1,1,0,0,0
5512,2019-07-01,3,290,6,1,3,1,1,0,0,0
5513,2019-07-01,5,290,6,1,3,1,1,0,0,0
5514,2019-07-01,10,290,6,1,3,1,1,0,0,0
5515,2019-07-01,15,290,6,1,3,1,1,0,0,0
5516,2019-07-01,20,290,6,1,3,1,1,0,0,0
5517,2019-07-01,30,290,6,1,3,1,1,0,0,0
5518,2019-07-01,50,290,6,1,3,1,1,0,0,0
5519,2019-07-01,70,290,6,1,3,1,1,0,0,0
5520,2019-07-01,115,290,6,1,3,1,1,0,0,0
5521,2019-07-01,150,290,6,1,3,1,1,0,0,0
5522,2019-07-08,3,0,1,3,2,0,1,0,0,0
5523,2019-07-08,5,0,1,3,2,0,1,0,0,0
5524,2019-07-08,10,0,1,3,2,0,1,0,0,0
5525,2019-07-08,15,0,1,3,2,0,1,0,0,0
5526,2019-07-08,20,0,1,3,2,0,1,0,0,0
5527,2019-07-08,30,0,1,3,2,0,1,0,0,0
5528,2019-07-08,50,0,1,3,2,0,1,0,0,0
5529,2019-07-08,70,0,1,3,2,0,1,0,0,0
5530,2019-07-08,115,0,1,3,2,0,1,0,0,0
5531,2019-07-08,150,0,1,3,2,0,1,0,0,0
5532,2019-07-08,3,0,2,3,2,0,1,0,0,0
5533,2019-07-08,5,0,2,3,2,0,1,0,0,0
5534,2019-07-08,10,0,2,3,2,0,1,0,0,0
5535,2019-07-08,15,0,2,3,2,0,1,0,0,0
5536,2019-07-08,20,0,2,3,2,0,1,0,0,0
5537,2019-07-08,30,0,2,3,2,0,1,0,0,0
5538,2019-07-08,50,0,2,3,2,0,1,0,0,0
5539,2019-07-08,70,0,2,3,2,0,1,0,0,0
5540,2019-07-08,115,0,2,3,2,0,1,0,0,0
5541,2019-07-08,150,0,2,3,2,0,1,0,0,0
5542,2019-07-08,3,0,3,3,2,0,1,0,0,0
5543,2019-07-08,5,0,3,3,2,0,1,0,0,0
5544,2019-07-08,10,0,3,3,2,0,1,0,0,0
5545,2019-07-08,15,0,3,3,2,0,1,0,0,0
5546,2019-07-08,20,0,3,3,2,0,1,0,0,0
5547,2019-07-08,30,0,3,3,2,0,1,0,0,0
5548,2019-07-08,50,0,3,3,2,0,1,0,0,0
5549,2019-07-08,70,0,3,3,2,0,1,0,0,0
5550,2019-07-08,115,0,3,3,2,0,1,0,0,0
5551,2019-07-08,150,0,3,3,2,0,1,0,0,0
5552,2019-07-08,3,0,4,3,2,0,1,0,0,0
5553,2019-07-08,5,0,4,3,2,0,1,0,0,0
5554,2019-07-08,10,0,4,3,2,0,1,0,0,0
5555,2019-07-08,15,0,4,3,2,0,1,0,0,0
5556,2019-07-08,20,0,4,3,2,0,1,0,0,0
5557,2019-07-08,30,0,4,3,2,0,1,0,0,0
5558,2019-07-08,50,0,4,3,2,0,1,0,0,0
5559,2019-07-08,70,0,4,3,2,0,1,0,0,0
5560,2019-07-08,115,0,4,3,2,0,1,0,0,0
5561,2019-07-08,150,0,4,3,2,0,1,0,0,0
5562,2019-07-08,3,0,5,3,2,0,1,0,0,0
5563,2019-07-08,5,0,5,3,2,0,1,0,0,0
5564,2019-07-08,10,0,5,3,2,0,1,0,0,0
5565,2019-07-08,15,0,5,3,2,0,1,0,0,0
5566,2019-07-08,20,0,5,3,2,0,1,0,0,0
5567,2019-07-08,30,0,5,3,2,0,1,0,0,0
5568,2019-07-08,50,0,5,3,2,0,1,0,0,0
5569,2019-07-08,70,0,5,3,2,0,1,0,0,0
5570,2019-07-08,115,0,5,3,2,0,1,0,0,0
5571,2019-07-08,150,0,5,3,2,0,1,0,0,0
5572,2019-07-08,3,0,6,3,2,0,1,0,0,0
5573,2019-07-08,5,0,6,3,2,0,1,0,0,0
5574,2019-07-08,10,0,6,3,2,0,1,0,0,0
5575,2019-07-08,15,0,6,3,2,0,1,0,0,0
5576,2019-07-08,20,0,6,3,2,0,1,0,0,0
5577,2019-07-08,30,0,6,3,2,0,1,0,0,0
5578,2019-07-08,50,0,6,3,2,0,1,0,0,0
5579,2019-07-08,70,0,6,3,2,0,1,0,0,0
5580,2019-07-08,115,0,6,3,2,0,1,0,0,0
5581,2019-07-08,150,0,6,3,2,0,1,0,0,0
5588,2019-07-15,3,0,1,3,2,0,1,0,0,0
5589,2019-07-15,5,0,1,3,2,0,1,0,0,0
5590,2019-07-15,10,0,1,3,2,0,1,0,0,0
5591,2019-07-15,15,0,1,3,2,0,1,0,0,0
5592,2019-07-15,20,0,1,3,2,0,1,0,0,0
5593,2019-07-15,30,0,1,3,2,0,1,0,0,0
5594,2019-07-15,50,0,1,3,2,0,1,0,0,0
5595,2019-07-15,70,0,1,3,2,0,1,0,0,0
5596,2019-07-15,115,0,1,3,2,0,1,0,0,0
5597,2019-07-15,150,0,1,3,2,0,1,0,0,0
5598,2019-07-15,3,0,2,3,2,0,1,0,0,0
5599,2019-07-15,5,0,2,3,2,0,1,0,0,0
5600,2019-07-15,10,0,2,3,2,0,1,0,0,0
5601,2019-07-15,15,0,2,3,2,0,1,0,0,0
5602,2019-07-15,20,0,2,3,2,0,1,0,0,0
5603,2019-07-15,30,0,2,3,2,0,1,0,0,0
5604,2019-07-15,50,0,2,3,2,0,1,0,0,0
5605,2019-07-15,70,0,2,3,2,0,1,0,0,0
5606,2019-07-15,115,0,2,3,2,0,1,0,0,0
5607,2019-07-15,150,0,2,3,2,0,1,0,0,0
5608,2019-07-15,3,0,3,3,2,0,1,0,0,0
5609,2019-07-15,5,0,3,3,2,0,1,0,0,0
5610,2019-07-15,10,0,3,3,2,0,1,0,0,0
5611,2019-07-15,15,0,3,3,2,0,1,0,0,0
5612,2019-07-15,20,0,3,3,2,0,1,0,0,0
5613,2019-07-15,30,0,3,3,2,0,1,0,0,0
5614,2019-07-15,50,0,3,3,2,0,1,0,0,0
5615,2019-07-15,70,0,3,3,2,0,1,0,0,0
5616,2019-07-15,115,0,3,3,2,0,1,0,0,0
5617,2019-07-15,150,0,3,3,2,0,1,0,0,0
5618,2019-07-15,3,0,4,3,2,0,1,0,0,0
5619,2019-07-15,5,0,4,3,2,0,1,0,0,0
5620,2019-07-15,10,0,4,3,2,0,1,0,0,0
5621,2019-07-15,15,0,4,3,2,0,1,0,0,0
5622,2019-07-15,20,0,4,3,2,0,1,0,0,0
5623,2019-07-15,30,0,4,3,2,0,1,0,0,0
5624,2019-07-15,50,0,4,3,2,0,1,0,0,0
5625,2019-07-15,70,0,4,3,2,0,1,0,0,0
5626,2019-07-15,115,0,4,3,2,0,1,0,0,0
5627,2019-07-15,150,0,4,3,2,0,1,0,0,0
5628,2019-07-15,3,0,5,3,2,0,1,0,0,0
5629,2019-07-15,5,0,5,3,2,0,1,0,0,0
5630,2019-07-15,10,0,5,3,2,0,1,0,0,0
5631,2019-07-15,15,0,5,3,2,0,1,0,0,0
5632,2019-07-15,20,0,5,3,2,0,1,0,0,0
5633,2019-07-15,30,0,5,3,2,0,1,0,0,0
5634,2019-07-15,50,0,5,3,2,0,1,0,0,0
5635,2019-07-15,70,0,5,3,2,0,1,0,0,0
5636,2019-07-15,115,0,5,3,2,0,1,0,0,0
5637,2019-07-15,150,0,5,3,2,0,1,0,0,0
5638,2019-07-15,3,0,6,3,2,0,1,0,0,0
5639,2019-07-15,5,0,6,3,2,0,1,0,0,0
5640,2019-07-15,10,0,6,3,2,0,1,0,0,0
5641,2019-07-15,15,0,6,3,2,0,1,0,0,0
5642,2019-07-15,20,0,6,3,2,0,1,0,0,0
5643,2019-07-15,30,0,6,3,2,0,1,0,0,0
5644,2019-07-15,50,0,6,3,2,0,1,0,0,0
5645,2019-07-15,70,0,6,3,2,0,1,0,0,0
5646,2019-07-15,115,0,6,3,2,0,1,0,0,0
5647,2019-07-15,150,0,6,3,2,0,1,0,0,0
5648,2019-07-22,3,291,1,1,3,1,1,0,0,0
5649,2019-07-22,5,291,1,1,3,1,1,0,0,0
5650,2019-07-22,10,291,1,1,3,1,1,0,0,0
5651,2019-07-22,15,291,1,1,3,1,1,0,0,0
5652,2019-07-22,20,291,1,1,3,1,1,0,0,0
5653,2019-07-22,30,291,1,1,3,1,1,0,0,0
5654,2019-07-22,50,291,1,1,3,1,1,0,0,0
5655,2019-07-22,70,291,1,1,3,1,1,0,0,0
5656,2019-07-22,115,291,1,1,3,1,1,0,0,0
5657,2019-07-22,150,291,1,1,3,1,1,0,0,0
5658,2019-07-22,3,291,2,1,3,1,1,0,0,0
5659,2019-07-22,5,291,2,1,3,1,1,0,0,0
5660,2019-07-22,10,291,2,1,3,1,1,0,0,0
5661,2019-07-22,15,291,2,1,3,1,1,0,0,0
5662,2019-07-22,20,291,2,1,3,1,1,0,0,0
5663,2019-07-22,30,291,2,1,3,1,1,0,0,0
5664,2019-07-22,50,291,2,1,3,1,1,0,0,0
5665,2019-07-22,70,291,2,1,3,1,1,0,0,0
5666,2019-07-22,115,291,2,1,3,1,1,0,0,0
5667,2019-07-22,150,291,2,1,3,1,1,0,0,0
5668,2019-07-22,3,291,3,1,3,1,1,0,0,0
5669,2019-07-22,5,291,3,1,3,1,1,0,0,0
5670,2019-07-22,10,291,3,1,3,1,1,0,0,0
5671,2019-07-22,15,291,3,1,3,1,1,0,0,0
5672,2019-07-22,20,291,3,1,3,1,1,0,0,0
5673,2019-07-22,30,291,3,1,3,1,1,0,0,0
5674,2019-07-22,50,291,3,1,3,1,1,0,0,0
5675,2019-07-22,70,291,3,1,3,1,1,0,0,0
5676,2019-07-22,115,291,3,1,3,1,1,0,0,0
5677,2019-07-22,150,291,3,1,3,1,1,0,0,0
5678,2019-07-22,3,291,4,1,3,1,1,0,0,0
5679,2019-07-22,5,291,4,1,3,1,1,0,0,0
5680,2019-07-22,10,291,4,1,3,1,1,0,0,0
5681,2019-07-22,15,291,4,1,3,1,1,0,0,0
5682,2019-07-22,20,291,4,1,3,1,1,0,0,0
5683,2019-07-22,30,291,4,1,3,1,1,0,0,0
5684,2019-07-22,50,291,4,1,3,1,1,0,0,0
5685,2019-07-22,70,291,4,1,3,1,1,0,0,0
5686,2019-07-22,115,291,4,1,3,1,1,0,0,0
5687,2019-07-22,150,291,4,1,3,1,1,0,0,0
5688,2019-07-22,3,291,5,1,3,1,1,0,0,0
5689,2019-07-22,5,291,5,1,3,1,1,0,0,0
5690,2019-07-22,10,291,5,1,3,1,1,0,0,0
5691,2019-07-22,15,291,5,1,3,1,1,0,0,0
5692,2019-07-22,20,291,5,1,3,1,1,0,0,0
5693,2019-07-22,30,291,5,1,3,1,1,0,0,0
5694,2019-07-22,50,291,5,1,3,1,1,0,0,0
5695,2019-07-22,70,291,5,1,3,1,1,0,0,0
5696,2019-07-22,115,291,5,1,3,1,1,0,0,0
5697,2019-07-22,150,291,5,1,3,1,1,0,0,0
5698,2019-07-22,3,291,6,1,3,1,1,0,0,0
5699,2019-07-22,5,291,6,1,3,1,1,0,0,0
5700,2019-07-22,10,291,6,1,3,1,1,0,0,0
5701,2019-07-22,15,291,6,1,3,1,1,0,0,0
5702,2019-07-22,20,291,6,1,3,1,1,0,0,0
5703,2019-07-22,30,291,6,1,3,1,1,0,0,0
5704,2019-07-22,50,291,6,1,3,1,1,0,0,0
5705,2019-07-22,70,291,6,1,3,1,1,0,0,0
5706,2019-07-22,115,291,6,1,3,1,1,0,0,0
5707,2019-07-22,150,291,6,1,3,1,1,0,0,0
5712,2019-07-29,3,294,1,1,3,1,1,0,0,0
5713,2019-07-29,5,294,1,1,3,1,1,0,0,0
5714,2019-07-29,10,294,1,1,3,1,1,0,0,0
5715,2019-07-29,15,294,1,1,3,1,1,0,0,0
5716,2019-07-29,20,294,1,1,3,1,1,0,0,0
5717,2019-07-29,30,294,1,1,3,1,1,0,0,0
5718,2019-07-29,50,294,1,1,3,1,1,0,0,0
5719,2019-07-29,70,294,1,1,3,1,1,0,0,0
5720,2019-07-29,115,294,1,1,3,1,1,0,0,0
5721,2019-07-29,150,294,1,1,3,1,1,0,0,0
5722,2019-07-29,3,294,2,1,3,1,1,0,0,0
5723,2019-07-29,5,294,2,1,3,1,1,0,0,0
5724,2019-07-29,10,294,2,1,3,1,1,0,0,0
5725,2019-07-29,15,294,2,1,3,1,1,0,0,0
5726,2019-07-29,20,294,2,1,3,1,1,0,0,0
5727,2019-07-29,30,294,2,1,3,1,1,0,0,0
5728,2019-07-29,50,294,2,1,3,1,1,0,0,0
5729,2019-07-29,70,294,2,1,3,1,1,0,0,0
5730,2019-07-29,115,294,2,1,3,1,1,0,0,0
5731,2019-07-29,150,294,2,1,3,1,1,0,0,0
5732,2019-07-29,3,294,3,1,3,1,1,0,0,0
5733,2019-07-29,5,294,3,1,3,1,1,0,0,0
5734,2019-07-29,10,294,3,1,3,1,1,0,0,0
5735,2019-07-29,15,294,3,1,3,1,1,0,0,0
5736,2019-07-29,20,294,3,1,3,1,1,0,0,0
5737,2019-07-29,30,294,3,1,3,1,1,0,0,0
5738,2019-07-29,50,294,3,1,3,1,1,0,0,0
5739,2019-07-29,70,294,3,1,3,1,1,0,0,0
5740,2019-07-29,115,294,3,1,3,1,1,0,0,0
5741,2019-07-29,150,294,3,1,3,1,1,0,0,0
5742,2019-07-29,3,294,4,1,3,1,1,0,0,0
5743,2019-07-29,5,294,4,1,3,1,1,0,0,0
5744,2019-07-29,10,294,4,1,3,1,1,0,0,0
5745,2019-07-29,15,294,4,1,3,1,1,0,0,0
5746,2019-07-29,20,294,4,1,3,1,1,0,0,0
5747,2019-07-29,30,294,4,1,3,1,1,0,0,0
5748,2019-07-29,50,294,4,1,3,1,1,0,0,0
5749,2019-07-29,70,294,4,1,3,1,1,0,0,0
5750,2019-07-29,115,294,4,1,3,1,1,0,0,0
5751,2019-07-29,150,294,4,1,3,1,1,0,0,0
5752,2019-07-29,3,294,5,1,3,1,1,0,0,0
5753,2019-07-29,5,294,5,1,3,1,1,0,0,0
5754,2019-07-29,10,294,5,1,3,1,1,0,0,0
5755,2019-07-29,15,294,5,1,3,1,1,0,0,0
5756,2019-07-29,20,294,5,1,3,1,1,0,0,0
5757,2019-07-29,30,294,5,1,3,1,1,0,0,0
5758,2019-07-29,50,294,5,1,3,1,1,0,0,0
5759,2019-07-29,70,294,5,1,3,1,1,0,0,0
5760,2019-07-29,115,294,5,1,3,1,1,0,0,0
5761,2019-07-29,150,294,5,1,3,1,1,0,0,0
5762,2019-07-29,3,294,6,1,3,1,1,0,0,0
5763,2019-07-29,5,294,6,1,3,1,1,0,0,0
5764,2019-07-29,10,294,6,1,3,1,1,0,0,0
5765,2019-07-29,15,294,6,1,3,1,1,0,0,0
5766,2019-07-29,20,294,6,1,3,1,1,0,0,0
5767,2019-07-29,30,294,6,1,3,1,1,0,0,0
5768,2019-07-29,50,294,6,1,3,1,1,0,0,0
5769,2019-07-29,70,294,6,1,3,1,1,0,0,0
5770,2019-07-29,115,294,6,1,3,1,1,0,0,0
5771,2019-07-29,150,294,6,1,3,1,1,0,0,0
